{
  "project_info": {
    "project_number": "916160408889",
    "project_id": "cooperation-cddf7",
    "storage_bucket": "cooperation-cddf7.appspot.com"
  },
  "client": [
    {
      "client_info": {
        "mobilesdk_app_id": "1:916160408889:android:a5dc4ec003b9b8ae990ce8",
        "android_client_info": {
          "package_name": "com.example.cooperation"
        }
      },
      "oauth_client": [
        {
          "client_id": "916160408889-7sj5mgit3rgbavi03ukbb3omhsnss72u.apps.googleusercontent.com",
          "client_type": 1,
          "android_info": {
            "package_name": "com.example.cooperation",
            "certificate_hash": "99b5b49a140760403adbc8ada79510c39e9b4d6a"
          }
        },
        {
          "client_id": "916160408889-rbu5ce0k25sgcgrspe90gp4anuemm9tj.apps.googleusercontent.com",
          "client_type": 3
        }
      ],
      "api_key": [
        {
          "current_key": "AIzaSyBzbjzJjXau2XvCQs4pGf96FB17D0aL8dQ"
        }
      ],
      "services": {
        "appinvite_service": {
          "other_platform_oauth_client": [
            {
              "client_id": "916160408889-rbu5ce0k25sgcgrspe90gp4anuemm9tj.apps.googleusercontent.com",
              "client_type": 3
            }
          ]
        }
      }
    }
  ],
  "configuration_version": "1"
}